{"$schema":"http://schema.management.azure.com/schemas/2015-01-01/deploymentTemplate.json#","contentVersion":"1.0.0.0","parameters":{"factoryName":{"type":"string","metadata":"Data Factory name"},"ABS_LandingZone":{"type":"string"},"ASQLDB_MODELS":{"type":"string"}},"variables":{"factoryId":"[concat('Microsoft.DataFactory/factories/', parameters('factoryName'))]"},"resources":[{"name":"[concat(parameters('factoryName'), '/PL_LOAD_HR_MODEL')]","type":"Microsoft.DataFactory/factories/pipelines","apiVersion":"2018-06-01","properties":{"description":"Pipeline to load data into Hiring Model","activities":[{"name":"Load_Deparments","description":"Task to load Deparments Catalog","type":"Copy","dependsOn":[],"policy":{"timeout":"0.00:10:00","retry":0,"retryIntervalInSeconds":30,"secureOutput":false,"secureInput":false},"userProperties":[],"typeProperties":{"source":{"type":"DelimitedTextSource","storeSettings":{"type":"AzureBlobStorageReadSettings","maxConcurrentConnections":5,"recursive":true,"enablePartitionDiscovery":false},"formatSettings":{"type":"DelimitedTextReadSettings"}},"sink":{"type":"AzureSqlSink","writeBatchSize":1000,"writeBatchTimeout":"00:05:00","maxConcurrentConnections":5,"writeBehavior":"upsert","upsertSettings":{"useTempDB":true,"keys":["ID_DEPARTMENT"]},"sqlWriterUseTableLock":true,"disableMetricsCollection":false},"enableStaging":false,"translator":{"type":"TabularTranslator","mappings":[{"source":{"type":"String","ordinal":1},"sink":{"name":"ID_DEPARTMENT","type":"int","precision":10}},{"source":{"type":"String","ordinal":2},"sink":{"name":"NAME_DEPARTMENT","type":"varchar"}}],"typeConversion":true,"typeConversionSettings":{"allowDataTruncation":true,"treatBooleanAsNumber":false}}},"inputs":[{"referenceName":"CSV_Departments","type":"DatasetReference","parameters":{}}],"outputs":[{"referenceName":"HR_DEPARTMENTS","type":"DatasetReference","parameters":{}}]},{"name":"Load_Jobs","description":"Task to load Jobs catalog","type":"Copy","dependsOn":[],"policy":{"timeout":"0.00:10:00","retry":0,"retryIntervalInSeconds":30,"secureOutput":false,"secureInput":false},"userProperties":[],"typeProperties":{"source":{"type":"DelimitedTextSource","storeSettings":{"type":"AzureBlobStorageReadSettings","maxConcurrentConnections":5,"recursive":true,"enablePartitionDiscovery":false},"formatSettings":{"type":"DelimitedTextReadSettings"}},"sink":{"type":"AzureSqlSink","writeBatchSize":1000,"writeBatchTimeout":"00:05:00","maxConcurrentConnections":5,"writeBehavior":"upsert","upsertSettings":{"useTempDB":true,"keys":["ID_JOB"]},"sqlWriterUseTableLock":true,"disableMetricsCollection":false},"enableStaging":false,"enableSkipIncompatibleRow":false,"translator":{"type":"TabularTranslator","mappings":[{"source":{"type":"String","ordinal":1},"sink":{"name":"ID_JOB","type":"int","precision":10}},{"source":{"type":"String","ordinal":2},"sink":{"name":"NAME_JOB","type":"varchar"}}],"typeConversion":true,"typeConversionSettings":{"allowDataTruncation":true,"treatBooleanAsNumber":false}}},"inputs":[{"referenceName":"CSV_Jobs","type":"DatasetReference","parameters":{}}],"outputs":[{"referenceName":"HR_JOBS","type":"DatasetReference","parameters":{}}]},{"name":"Load_Employees","type":"Copy","dependsOn":[{"activity":"Load_Deparments","dependencyConditions":["Succeeded"]},{"activity":"Load_Jobs","dependencyConditions":["Succeeded"]}],"policy":{"timeout":"0.12:00:00","retry":0,"retryIntervalInSeconds":30,"secureOutput":false,"secureInput":false},"userProperties":[],"typeProperties":{"source":{"type":"DelimitedTextSource","storeSettings":{"type":"AzureBlobStorageReadSettings","maxConcurrentConnections":5,"recursive":true,"enablePartitionDiscovery":false},"formatSettings":{"type":"DelimitedTextReadSettings"}},"sink":{"type":"AzureSqlSink","writeBatchSize":1000,"writeBatchTimeout":{"value":"00:10:00","type":"Expression"},"maxConcurrentConnections":5,"writeBehavior":"upsert","upsertSettings":{"useTempDB":true,"keys":["ID_EMPLOYEE"]},"sqlWriterUseTableLock":true,"disableMetricsCollection":false},"enableStaging":false,"dataIntegrationUnits":4,"translator":{"type":"TabularTranslator","mappings":[{"source":{"type":"String","ordinal":1},"sink":{"name":"ID_EMPLOYEE","type":"int","precision":10}},{"source":{"type":"String","ordinal":2},"sink":{"name":"NAME_EMPLOYEE","type":"varchar"}},{"source":{"type":"String","ordinal":3},"sink":{"name":"START_DATE_EMPLOYEE","type":"datetime","scale":3,"precision":23}},{"source":{"type":"String","ordinal":4},"sink":{"name":"ID_DEPARTMENT","type":"int","precision":10}},{"source":{"type":"String","ordinal":5},"sink":{"name":"ID_JOB","type":"int","precision":10}}],"typeConversion":true,"typeConversionSettings":{"allowDataTruncation":true,"treatBooleanAsNumber":false}}},"inputs":[{"referenceName":"CSV_Employees","type":"DatasetReference","parameters":{}}],"outputs":[{"referenceName":"HR_HIRED_EMPLOYEES","type":"DatasetReference","parameters":{}}]}],"policy":{"elapsedTimeMetric":{}},"folder":{"name":"MIGRATION"},"annotations":[],"lastPublishTime":"2025-04-07T02:17:22Z"},"dependsOn":["[concat(variables('factoryId'), '/datasets/CSV_Departments')]","[concat(variables('factoryId'), '/datasets/HR_DEPARTMENTS')]","[concat(variables('factoryId'), '/datasets/CSV_Jobs')]","[concat(variables('factoryId'), '/datasets/HR_JOBS')]","[concat(variables('factoryId'), '/datasets/CSV_Employees')]","[concat(variables('factoryId'), '/datasets/HR_HIRED_EMPLOYEES')]"]},{"name":"[concat(parameters('factoryName'), '/CSV_Departments')]","type":"Microsoft.DataFactory/factories/datasets","apiVersion":"2018-06-01","properties":{"linkedServiceName":{"referenceName":"[parameters('ABS_LandingZone')]","type":"LinkedServiceReference"},"annotations":[],"type":"DelimitedText","typeProperties":{"location":{"type":"AzureBlobStorageLocation","fileName":"departments.csv","folderPath":"uploads","container":"cntlandingzone"},"columnDelimiter":",","escapeChar":"\\","firstRowAsHeader":false,"quoteChar":"\""},"schema":[{"type":"String"},{"type":"String"}]},"dependsOn":[]},{"name":"[concat(parameters('factoryName'), '/HR_DEPARTMENTS')]","type":"Microsoft.DataFactory/factories/datasets","apiVersion":"2018-06-01","properties":{"description":"Table Departments","linkedServiceName":{"referenceName":"[parameters('ASQLDB_MODELS')]","type":"LinkedServiceReference"},"annotations":[],"type":"AzureSqlTable","schema":[{"name":"ID_DEPARTMENT","type":"int","precision":10},{"name":"NAME_DEPARTMENT","type":"varchar"}],"typeProperties":{"schema":"dbo","table":"HR_DEPARTMENTS"}},"dependsOn":[]},{"name":"[concat(parameters('factoryName'), '/CSV_Jobs')]","type":"Microsoft.DataFactory/factories/datasets","apiVersion":"2018-06-01","properties":{"linkedServiceName":{"referenceName":"[parameters('ABS_LandingZone')]","type":"LinkedServiceReference"},"annotations":[],"type":"DelimitedText","typeProperties":{"location":{"type":"AzureBlobStorageLocation","fileName":"jobs.csv","folderPath":"uploads","container":"cntlandingzone"},"columnDelimiter":",","escapeChar":"\\","firstRowAsHeader":false,"quoteChar":"\""},"schema":[{"type":"String"},{"type":"String"}]},"dependsOn":[]},{"name":"[concat(parameters('factoryName'), '/HR_JOBS')]","type":"Microsoft.DataFactory/factories/datasets","apiVersion":"2018-06-01","properties":{"linkedServiceName":{"referenceName":"[parameters('ASQLDB_MODELS')]","type":"LinkedServiceReference"},"annotations":[],"type":"AzureSqlTable","schema":[{"name":"ID_JOB","type":"int","precision":10},{"name":"NAME_JOB","type":"varchar"}],"typeProperties":{"schema":"dbo","table":"HR_JOBS"}},"dependsOn":[]},{"name":"[concat(parameters('factoryName'), '/CSV_Employees')]","type":"Microsoft.DataFactory/factories/datasets","apiVersion":"2018-06-01","properties":{"linkedServiceName":{"referenceName":"[parameters('ABS_LandingZone')]","type":"LinkedServiceReference"},"annotations":[],"type":"DelimitedText","typeProperties":{"location":{"type":"AzureBlobStorageLocation","fileName":"hired_employees.csv","folderPath":"uploads","container":"cntlandingzone"},"columnDelimiter":",","escapeChar":"\\","firstRowAsHeader":false,"quoteChar":"\""},"schema":[{"type":"String"},{"type":"String"},{"type":"String"},{"type":"String"},{"type":"String"}]},"dependsOn":[]},{"name":"[concat(parameters('factoryName'), '/HR_HIRED_EMPLOYEES')]","type":"Microsoft.DataFactory/factories/datasets","apiVersion":"2018-06-01","properties":{"linkedServiceName":{"referenceName":"[parameters('ASQLDB_MODELS')]","type":"LinkedServiceReference"},"annotations":[],"type":"AzureSqlTable","schema":[{"name":"ID_EMPLOYEE","type":"int","precision":10},{"name":"NAME_EMPLOYEE","type":"varchar"},{"name":"START_DATE_EMPLOYEE","type":"datetime","precision":23,"scale":3},{"name":"ID_DEPARTMENT","type":"int","precision":10},{"name":"ID_JOB","type":"int","precision":10}],"typeProperties":{"schema":"dbo","table":"HR_HIRED_EMPLOYEES"}},"dependsOn":[]}]}