{
    "$schema": "https://schema.management.azure.com/schemas/2015-01-01/deploymentParameters.json#",
    "contentVersion": "1.0.0.0",
    "parameters": {
        "vulnerabilityAssessments_Default_storageContainerPath": {
            "value": null
        },
        "servers_serv_mg_name": {
            "value": null
        },
        "sites_mg_func_loadsql_name": {
            "value": null
        },
        "serverfarms_ASP_rsmgtest_9431_name": {
            "value": null
        },
        "components_mg_func_loadsql_name": {
            "value": null
        },
        "storageAccounts_rsmgtesta86b_name": {
            "value": null
        },
        "actionGroups_Application_Insights_Smart_Detection_name": {
            "value": null
        },
        "workspaces_DefaultWorkspace_815fee8d_3fcd_413a_8555_ecaf0be94a4f_EUS_externalid": {
            "value": null
        }
    }
}