{
    "$schema": "https://schema.management.azure.com/schemas/2019-04-01/deploymentTemplate.json#",
    "contentVersion": "1.0.0.0",
    "parameters": {
        "vulnerabilityAssessments_Default_storageContainerPath": {
            "type": "SecureString"
        },
        "servers_serv_mg_name": {
            "defaultValue": "serv-mg",
            "type": "String"
        },
        "sites_mg_func_loadsql_name": {
            "defaultValue": "mg-func-loadsql",
            "type": "String"
        },
        "serverfarms_ASP_rsmgtest_9431_name": {
            "defaultValue": "ASP-rsmgtest-9431",
            "type": "String"
        },
        "components_mg_func_loadsql_name": {
            "defaultValue": "mg-func-loadsql",
            "type": "String"
        },
        "storageAccounts_rsmgtesta86b_name": {
            "defaultValue": "rsmgtesta86b",
            "type": "String"
        },
        "actionGroups_Application_Insights_Smart_Detection_name": {
            "defaultValue": "Application Insights Smart Detection",
            "type": "String"
        },
        "workspaces_DefaultWorkspace_815fee8d_3fcd_413a_8555_ecaf0be94a4f_EUS_externalid": {
            "defaultValue": "/subscriptions/815fee8d-3fcd-413a-8555-ecaf0be94a4f/resourceGroups/DefaultResourceGroup-EUS/providers/Microsoft.OperationalInsights/workspaces/DefaultWorkspace-815fee8d-3fcd-413a-8555-ecaf0be94a4f-EUS",
            "type": "String"
        }
    },
    "variables": {},
    "resources": [
        {
            "type": "microsoft.insights/actionGroups",
            "apiVersion": "2024-10-01-preview",
            "name": "[parameters('actionGroups_Application_Insights_Smart_Detection_name')]",
            "location": "Global",
            "properties": {
                "groupShortName": "SmartDetect",
                "enabled": true,
                "emailReceivers": [],
                "smsReceivers": [],
                "webhookReceivers": [],
                "eventHubReceivers": [],
                "itsmReceivers": [],
                "azureAppPushReceivers": [],
                "automationRunbookReceivers": [],
                "voiceReceivers": [],
                "logicAppReceivers": [],
                "azureFunctionReceivers": [],
                "armRoleReceivers": [
                    {
                        "name": "Monitoring Contributor",
                        "roleId": "749f88d5-cbae-40b8-bcfc-e573ddc772fa",
                        "useCommonAlertSchema": true
                    },
                    {
                        "name": "Monitoring Reader",
                        "roleId": "43d0d8ad-25c7-4714-9337-8ba259a9fe05",
                        "useCommonAlertSchema": true
                    }
                ]
            }
        },
        {
            "type": "microsoft.insights/components",
            "apiVersion": "2020-02-02",
            "name": "[parameters('components_mg_func_loadsql_name')]",
            "location": "eastus",
            "tags": {
                "mg": ""
            },
            "kind": "web",
            "properties": {
                "Application_Type": "web",
                "Flow_Type": "Redfield",
                "Request_Source": "IbizaWebAppExtensionCreate",
                "RetentionInDays": 90,
                "WorkspaceResourceId": "[parameters('workspaces_DefaultWorkspace_815fee8d_3fcd_413a_8555_ecaf0be94a4f_EUS_externalid')]",
                "IngestionMode": "LogAnalytics",
                "publicNetworkAccessForIngestion": "Enabled",
                "publicNetworkAccessForQuery": "Enabled",
                "DisableLocalAuth": false
            }
        },
        {
            "type": "Microsoft.Sql/servers",
            "apiVersion": "2024-05-01-preview",
            "name": "[parameters('servers_serv_mg_name')]",
            "location": "westus2",
            "kind": "v12.0",
            "properties": {
                "administratorLogin": "mgadmin",
                "version": "12.0",
                "minimalTlsVersion": "1.2",
                "publicNetworkAccess": "Enabled",
                "restrictOutboundNetworkAccess": "Disabled"
            }
        },
        {
            "type": "Microsoft.Storage/storageAccounts",
            "apiVersion": "2024-01-01",
            "name": "[parameters('storageAccounts_rsmgtesta86b_name')]",
            "location": "eastus",
            "tags": {
                "mg": ""
            },
            "sku": {
                "name": "Standard_LRS",
                "tier": "Standard"
            },
            "kind": "Storage",
            "properties": {
                "defaultToOAuthAuthentication": true,
                "publicNetworkAccess": "Enabled",
                "allowCrossTenantReplication": false,
                "minimumTlsVersion": "TLS1_2",
                "allowBlobPublicAccess": false,
                "networkAcls": {
                    "bypass": "AzureServices",
                    "virtualNetworkRules": [],
                    "ipRules": [],
                    "defaultAction": "Allow"
                },
                "supportsHttpsTrafficOnly": true,
                "encryption": {
                    "services": {
                        "file": {
                            "keyType": "Account",
                            "enabled": true
                        },
                        "blob": {
                            "keyType": "Account",
                            "enabled": true
                        }
                    },
                    "keySource": "Microsoft.Storage"
                }
            }
        },
        {
            "type": "Microsoft.Web/serverfarms",
            "apiVersion": "2024-04-01",
            "name": "[parameters('serverfarms_ASP_rsmgtest_9431_name')]",
            "location": "East US",
            "tags": {
                "mg": ""
            },
            "sku": {
                "name": "Y1",
                "tier": "Dynamic",
                "size": "Y1",
                "family": "Y",
                "capacity": 0
            },
            "kind": "functionapp",
            "properties": {
                "perSiteScaling": false,
                "elasticScaleEnabled": false,
                "maximumElasticWorkerCount": 1,
                "isSpot": false,
                "reserved": false,
                "isXenon": false,
                "hyperV": false,
                "targetWorkerCount": 0,
                "targetWorkerSizeId": 0,
                "zoneRedundant": false
            }
        },
        {
            "type": "microsoft.insights/components/ProactiveDetectionConfigs",
            "apiVersion": "2018-05-01-preview",
            "name": "[concat(parameters('components_mg_func_loadsql_name'), '/degradationindependencyduration')]",
            "location": "eastus",
            "dependsOn": [
                "[resourceId('microsoft.insights/components', parameters('components_mg_func_loadsql_name'))]"
            ],
            "properties": {
                "ruleDefinitions": {
                    "Name": "degradationindependencyduration",
                    "DisplayName": "Degradation in dependency duration",
                    "Description": "Smart Detection rules notify you of performance anomaly issues.",
                    "HelpUrl": "https://docs.microsoft.com/en-us/azure/application-insights/app-insights-proactive-performance-diagnostics",
                    "IsHidden": false,
                    "IsEnabledByDefault": true,
                    "IsInPreview": false,
                    "SupportsEmailNotifications": true
                },
                "enabled": true,
                "sendEmailsToSubscriptionOwners": true,
                "customEmails": []
            }
        },
        {
            "type": "microsoft.insights/components/ProactiveDetectionConfigs",
            "apiVersion": "2018-05-01-preview",
            "name": "[concat(parameters('components_mg_func_loadsql_name'), '/degradationinserverresponsetime')]",
            "location": "eastus",
            "dependsOn": [
                "[resourceId('microsoft.insights/components', parameters('components_mg_func_loadsql_name'))]"
            ],
            "properties": {
                "ruleDefinitions": {
                    "Name": "degradationinserverresponsetime",
                    "DisplayName": "Degradation in server response time",
                    "Description": "Smart Detection rules notify you of performance anomaly issues.",
                    "HelpUrl": "https://docs.microsoft.com/en-us/azure/application-insights/app-insights-proactive-performance-diagnostics",
                    "IsHidden": false,
                    "IsEnabledByDefault": true,
                    "IsInPreview": false,
                    "SupportsEmailNotifications": true
                },
                "enabled": true,
                "sendEmailsToSubscriptionOwners": true,
                "customEmails": []
            }
        },
        {
            "type": "microsoft.insights/components/ProactiveDetectionConfigs",
            "apiVersion": "2018-05-01-preview",
            "name": "[concat(parameters('components_mg_func_loadsql_name'), '/digestMailConfiguration')]",
            "location": "eastus",
            "dependsOn": [
                "[resourceId('microsoft.insights/components', parameters('components_mg_func_loadsql_name'))]"
            ],
            "properties": {
                "ruleDefinitions": {
                    "Name": "digestMailConfiguration",
                    "DisplayName": "Digest Mail Configuration",
                    "Description": "This rule describes the digest mail preferences",
                    "HelpUrl": "www.homail.com",
                    "IsHidden": true,
                    "IsEnabledByDefault": true,
                    "IsInPreview": false,
                    "SupportsEmailNotifications": true
                },
                "enabled": true,
                "sendEmailsToSubscriptionOwners": true,
                "customEmails": []
            }
        },
        {
            "type": "microsoft.insights/components/ProactiveDetectionConfigs",
            "apiVersion": "2018-05-01-preview",
            "name": "[concat(parameters('components_mg_func_loadsql_name'), '/extension_billingdatavolumedailyspikeextension')]",
            "location": "eastus",
            "dependsOn": [
                "[resourceId('microsoft.insights/components', parameters('components_mg_func_loadsql_name'))]"
            ],
            "properties": {
                "ruleDefinitions": {
                    "Name": "extension_billingdatavolumedailyspikeextension",
                    "DisplayName": "Abnormal rise in daily data volume (preview)",
                    "Description": "This detection rule automatically analyzes the billing data generated by your application, and can warn you about an unusual increase in your application's billing costs",
                    "HelpUrl": "https://github.com/Microsoft/ApplicationInsights-Home/tree/master/SmartDetection/billing-data-volume-daily-spike.md",
                    "IsHidden": false,
                    "IsEnabledByDefault": true,
                    "IsInPreview": true,
                    "SupportsEmailNotifications": false
                },
                "enabled": true,
                "sendEmailsToSubscriptionOwners": true,
                "customEmails": []
            }
        },
        {
            "type": "microsoft.insights/components/ProactiveDetectionConfigs",
            "apiVersion": "2018-05-01-preview",
            "name": "[concat(parameters('components_mg_func_loadsql_name'), '/extension_canaryextension')]",
            "location": "eastus",
            "dependsOn": [
                "[resourceId('microsoft.insights/components', parameters('components_mg_func_loadsql_name'))]"
            ],
            "properties": {
                "ruleDefinitions": {
                    "Name": "extension_canaryextension",
                    "DisplayName": "Canary extension",
                    "Description": "Canary extension",
                    "HelpUrl": "https://github.com/Microsoft/ApplicationInsights-Home/blob/master/SmartDetection/",
                    "IsHidden": true,
                    "IsEnabledByDefault": true,
                    "IsInPreview": true,
                    "SupportsEmailNotifications": false
                },
                "enabled": true,
                "sendEmailsToSubscriptionOwners": true,
                "customEmails": []
            }
        },
        {
            "type": "microsoft.insights/components/ProactiveDetectionConfigs",
            "apiVersion": "2018-05-01-preview",
            "name": "[concat(parameters('components_mg_func_loadsql_name'), '/extension_exceptionchangeextension')]",
            "location": "eastus",
            "dependsOn": [
                "[resourceId('microsoft.insights/components', parameters('components_mg_func_loadsql_name'))]"
            ],
            "properties": {
                "ruleDefinitions": {
                    "Name": "extension_exceptionchangeextension",
                    "DisplayName": "Abnormal rise in exception volume (preview)",
                    "Description": "This detection rule automatically analyzes the exceptions thrown in your application, and can warn you about unusual patterns in your exception telemetry.",
                    "HelpUrl": "https://github.com/Microsoft/ApplicationInsights-Home/blob/master/SmartDetection/abnormal-rise-in-exception-volume.md",
                    "IsHidden": false,
                    "IsEnabledByDefault": true,
                    "IsInPreview": true,
                    "SupportsEmailNotifications": false
                },
                "enabled": true,
                "sendEmailsToSubscriptionOwners": true,
                "customEmails": []
            }
        },
        {
            "type": "microsoft.insights/components/ProactiveDetectionConfigs",
            "apiVersion": "2018-05-01-preview",
            "name": "[concat(parameters('components_mg_func_loadsql_name'), '/extension_memoryleakextension')]",
            "location": "eastus",
            "dependsOn": [
                "[resourceId('microsoft.insights/components', parameters('components_mg_func_loadsql_name'))]"
            ],
            "properties": {
                "ruleDefinitions": {
                    "Name": "extension_memoryleakextension",
                    "DisplayName": "Potential memory leak detected (preview)",
                    "Description": "This detection rule automatically analyzes the memory consumption of each process in your application, and can warn you about potential memory leaks or increased memory consumption.",
                    "HelpUrl": "https://github.com/Microsoft/ApplicationInsights-Home/tree/master/SmartDetection/memory-leak.md",
                    "IsHidden": false,
                    "IsEnabledByDefault": true,
                    "IsInPreview": true,
                    "SupportsEmailNotifications": false
                },
                "enabled": true,
                "sendEmailsToSubscriptionOwners": true,
                "customEmails": []
            }
        },
        {
            "type": "microsoft.insights/components/ProactiveDetectionConfigs",
            "apiVersion": "2018-05-01-preview",
            "name": "[concat(parameters('components_mg_func_loadsql_name'), '/extension_securityextensionspackage')]",
            "location": "eastus",
            "dependsOn": [
                "[resourceId('microsoft.insights/components', parameters('components_mg_func_loadsql_name'))]"
            ],
            "properties": {
                "ruleDefinitions": {
                    "Name": "extension_securityextensionspackage",
                    "DisplayName": "Potential security issue detected (preview)",
                    "Description": "This detection rule automatically analyzes the telemetry generated by your application and detects potential security issues.",
                    "HelpUrl": "https://github.com/Microsoft/ApplicationInsights-Home/blob/master/SmartDetection/application-security-detection-pack.md",
                    "IsHidden": false,
                    "IsEnabledByDefault": true,
                    "IsInPreview": true,
                    "SupportsEmailNotifications": false
                },
                "enabled": true,
                "sendEmailsToSubscriptionOwners": true,
                "customEmails": []
            }
        },
        {
            "type": "microsoft.insights/components/ProactiveDetectionConfigs",
            "apiVersion": "2018-05-01-preview",
            "name": "[concat(parameters('components_mg_func_loadsql_name'), '/extension_traceseveritydetector')]",
            "location": "eastus",
            "dependsOn": [
                "[resourceId('microsoft.insights/components', parameters('components_mg_func_loadsql_name'))]"
            ],
            "properties": {
                "ruleDefinitions": {
                    "Name": "extension_traceseveritydetector",
                    "DisplayName": "Degradation in trace severity ratio (preview)",
                    "Description": "This detection rule automatically analyzes the trace logs emitted from your application, and can warn you about unusual patterns in the severity of your trace telemetry.",
                    "HelpUrl": "https://github.com/Microsoft/ApplicationInsights-Home/blob/master/SmartDetection/degradation-in-trace-severity-ratio.md",
                    "IsHidden": false,
                    "IsEnabledByDefault": true,
                    "IsInPreview": true,
                    "SupportsEmailNotifications": false
                },
                "enabled": true,
                "sendEmailsToSubscriptionOwners": true,
                "customEmails": []
            }
        },
        {
            "type": "microsoft.insights/components/ProactiveDetectionConfigs",
            "apiVersion": "2018-05-01-preview",
            "name": "[concat(parameters('components_mg_func_loadsql_name'), '/longdependencyduration')]",
            "location": "eastus",
            "dependsOn": [
                "[resourceId('microsoft.insights/components', parameters('components_mg_func_loadsql_name'))]"
            ],
            "properties": {
                "ruleDefinitions": {
                    "Name": "longdependencyduration",
                    "DisplayName": "Long dependency duration",
                    "Description": "Smart Detection rules notify you of performance anomaly issues.",
                    "HelpUrl": "https://docs.microsoft.com/en-us/azure/application-insights/app-insights-proactive-performance-diagnostics",
                    "IsHidden": false,
                    "IsEnabledByDefault": true,
                    "IsInPreview": false,
                    "SupportsEmailNotifications": true
                },
                "enabled": true,
                "sendEmailsToSubscriptionOwners": true,
                "customEmails": []
            }
        },
        {
            "type": "microsoft.insights/components/ProactiveDetectionConfigs",
            "apiVersion": "2018-05-01-preview",
            "name": "[concat(parameters('components_mg_func_loadsql_name'), '/migrationToAlertRulesCompleted')]",
            "location": "eastus",
            "dependsOn": [
                "[resourceId('microsoft.insights/components', parameters('components_mg_func_loadsql_name'))]"
            ],
            "properties": {
                "ruleDefinitions": {
                    "Name": "migrationToAlertRulesCompleted",
                    "DisplayName": "Migration To Alert Rules Completed",
                    "Description": "A configuration that controls the migration state of Smart Detection to Smart Alerts",
                    "HelpUrl": "https://docs.microsoft.com/en-us/azure/application-insights/app-insights-proactive-performance-diagnostics",
                    "IsHidden": true,
                    "IsEnabledByDefault": false,
                    "IsInPreview": true,
                    "SupportsEmailNotifications": false
                },
                "enabled": false,
                "sendEmailsToSubscriptionOwners": true,
                "customEmails": []
            }
        },
        {
            "type": "microsoft.insights/components/ProactiveDetectionConfigs",
            "apiVersion": "2018-05-01-preview",
            "name": "[concat(parameters('components_mg_func_loadsql_name'), '/slowpageloadtime')]",
            "location": "eastus",
            "dependsOn": [
                "[resourceId('microsoft.insights/components', parameters('components_mg_func_loadsql_name'))]"
            ],
            "properties": {
                "ruleDefinitions": {
                    "Name": "slowpageloadtime",
                    "DisplayName": "Slow page load time",
                    "Description": "Smart Detection rules notify you of performance anomaly issues.",
                    "HelpUrl": "https://docs.microsoft.com/en-us/azure/application-insights/app-insights-proactive-performance-diagnostics",
                    "IsHidden": false,
                    "IsEnabledByDefault": true,
                    "IsInPreview": false,
                    "SupportsEmailNotifications": true
                },
                "enabled": true,
                "sendEmailsToSubscriptionOwners": true,
                "customEmails": []
            }
        },
        {
            "type": "microsoft.insights/components/ProactiveDetectionConfigs",
            "apiVersion": "2018-05-01-preview",
            "name": "[concat(parameters('components_mg_func_loadsql_name'), '/slowserverresponsetime')]",
            "location": "eastus",
            "dependsOn": [
                "[resourceId('microsoft.insights/components', parameters('components_mg_func_loadsql_name'))]"
            ],
            "properties": {
                "ruleDefinitions": {
                    "Name": "slowserverresponsetime",
                    "DisplayName": "Slow server response time",
                    "Description": "Smart Detection rules notify you of performance anomaly issues.",
                    "HelpUrl": "https://docs.microsoft.com/en-us/azure/application-insights/app-insights-proactive-performance-diagnostics",
                    "IsHidden": false,
                    "IsEnabledByDefault": true,
                    "IsInPreview": false,
                    "SupportsEmailNotifications": true
                },
                "enabled": true,
                "sendEmailsToSubscriptionOwners": true,
                "customEmails": []
            }
        },
        {
            "type": "Microsoft.Sql/servers/advancedThreatProtectionSettings",
            "apiVersion": "2024-05-01-preview",
            "name": "[concat(parameters('servers_serv_mg_name'), '/Default')]",
            "dependsOn": [
                "[resourceId('Microsoft.Sql/servers', parameters('servers_serv_mg_name'))]"
            ],
            "properties": {
                "state": "Disabled"
            }
        },
        {
            "type": "Microsoft.Sql/servers/advisors",
            "apiVersion": "2014-04-01",
            "name": "[concat(parameters('servers_serv_mg_name'), '/CreateIndex')]",
            "dependsOn": [
                "[resourceId('Microsoft.Sql/servers', parameters('servers_serv_mg_name'))]"
            ],
            "properties": {
                "autoExecuteValue": "Disabled"
            }
        },
        {
            "type": "Microsoft.Sql/servers/advisors",
            "apiVersion": "2014-04-01",
            "name": "[concat(parameters('servers_serv_mg_name'), '/DbParameterization')]",
            "dependsOn": [
                "[resourceId('Microsoft.Sql/servers', parameters('servers_serv_mg_name'))]"
            ],
            "properties": {
                "autoExecuteValue": "Disabled"
            }
        },
        {
            "type": "Microsoft.Sql/servers/advisors",
            "apiVersion": "2014-04-01",
            "name": "[concat(parameters('servers_serv_mg_name'), '/DefragmentIndex')]",
            "dependsOn": [
                "[resourceId('Microsoft.Sql/servers', parameters('servers_serv_mg_name'))]"
            ],
            "properties": {
                "autoExecuteValue": "Disabled"
            }
        },
        {
            "type": "Microsoft.Sql/servers/advisors",
            "apiVersion": "2014-04-01",
            "name": "[concat(parameters('servers_serv_mg_name'), '/DropIndex')]",
            "dependsOn": [
                "[resourceId('Microsoft.Sql/servers', parameters('servers_serv_mg_name'))]"
            ],
            "properties": {
                "autoExecuteValue": "Disabled"
            }
        },
        {
            "type": "Microsoft.Sql/servers/advisors",
            "apiVersion": "2014-04-01",
            "name": "[concat(parameters('servers_serv_mg_name'), '/ForceLastGoodPlan')]",
            "dependsOn": [
                "[resourceId('Microsoft.Sql/servers', parameters('servers_serv_mg_name'))]"
            ],
            "properties": {
                "autoExecuteValue": "Enabled"
            }
        },
        {
            "type": "Microsoft.Sql/servers/auditingPolicies",
            "apiVersion": "2014-04-01",
            "name": "[concat(parameters('servers_serv_mg_name'), '/Default')]",
            "location": "West US 2",
            "dependsOn": [
                "[resourceId('Microsoft.Sql/servers', parameters('servers_serv_mg_name'))]"
            ],
            "properties": {
                "auditingState": "Disabled"
            }
        },
        {
            "type": "Microsoft.Sql/servers/auditingSettings",
            "apiVersion": "2024-05-01-preview",
            "name": "[concat(parameters('servers_serv_mg_name'), '/Default')]",
            "dependsOn": [
                "[resourceId('Microsoft.Sql/servers', parameters('servers_serv_mg_name'))]"
            ],
            "properties": {
                "retentionDays": 0,
                "auditActionsAndGroups": [],
                "isStorageSecondaryKeyInUse": false,
                "isAzureMonitorTargetEnabled": false,
                "isManagedIdentityInUse": false,
                "state": "Disabled",
                "storageAccountSubscriptionId": "00000000-0000-0000-0000-000000000000"
            }
        },
        {
            "type": "Microsoft.Sql/servers/connectionPolicies",
            "apiVersion": "2024-05-01-preview",
            "name": "[concat(parameters('servers_serv_mg_name'), '/default')]",
            "location": "westus2",
            "dependsOn": [
                "[resourceId('Microsoft.Sql/servers', parameters('servers_serv_mg_name'))]"
            ],
            "properties": {
                "connectionType": "Default"
            }
        },
        {
            "type": "Microsoft.Sql/servers/databases",
            "apiVersion": "2024-05-01-preview",
            "name": "[concat(parameters('servers_serv_mg_name'), '/mgsqltest')]",
            "location": "westus2",
            "dependsOn": [
                "[resourceId('Microsoft.Sql/servers', parameters('servers_serv_mg_name'))]"
            ],
            "sku": {
                "name": "Basic",
                "tier": "Basic",
                "capacity": 5
            },
            "kind": "v12.0,user",
            "properties": {
                "collation": "SQL_Latin1_General_CP1_CI_AS",
                "maxSizeBytes": 1073741824,
                "catalogCollation": "SQL_Latin1_General_CP1_CI_AS",
                "zoneRedundant": false,
                "readScale": "Disabled",
                "requestedBackupStorageRedundancy": "Local",
                "maintenanceConfigurationId": "/subscriptions/815fee8d-3fcd-413a-8555-ecaf0be94a4f/providers/Microsoft.Maintenance/publicMaintenanceConfigurations/SQL_Default",
                "isLedgerOn": false,
                "availabilityZone": "NoPreference"
            }
        },
        {
            "type": "Microsoft.Sql/servers/databases/advancedThreatProtectionSettings",
            "apiVersion": "2024-05-01-preview",
            "name": "[concat(parameters('servers_serv_mg_name'), '/master/Default')]",
            "dependsOn": [
                "[resourceId('Microsoft.Sql/servers', parameters('servers_serv_mg_name'))]"
            ],
            "properties": {
                "state": "Disabled"
            }
        },
        {
            "type": "Microsoft.Sql/servers/databases/auditingPolicies",
            "apiVersion": "2014-04-01",
            "name": "[concat(parameters('servers_serv_mg_name'), '/master/Default')]",
            "location": "West US 2",
            "dependsOn": [
                "[resourceId('Microsoft.Sql/servers', parameters('servers_serv_mg_name'))]"
            ],
            "properties": {
                "auditingState": "Disabled"
            }
        },
        {
            "type": "Microsoft.Sql/servers/databases/auditingSettings",
            "apiVersion": "2024-05-01-preview",
            "name": "[concat(parameters('servers_serv_mg_name'), '/master/Default')]",
            "dependsOn": [
                "[resourceId('Microsoft.Sql/servers', parameters('servers_serv_mg_name'))]"
            ],
            "properties": {
                "retentionDays": 0,
                "isAzureMonitorTargetEnabled": false,
                "state": "Disabled",
                "storageAccountSubscriptionId": "00000000-0000-0000-0000-000000000000"
            }
        },
        {
            "type": "Microsoft.Sql/servers/databases/extendedAuditingSettings",
            "apiVersion": "2024-05-01-preview",
            "name": "[concat(parameters('servers_serv_mg_name'), '/master/Default')]",
            "dependsOn": [
                "[resourceId('Microsoft.Sql/servers', parameters('servers_serv_mg_name'))]"
            ],
            "properties": {
                "retentionDays": 0,
                "isAzureMonitorTargetEnabled": false,
                "state": "Disabled",
                "storageAccountSubscriptionId": "00000000-0000-0000-0000-000000000000"
            }
        },
        {
            "type": "Microsoft.Sql/servers/databases/geoBackupPolicies",
            "apiVersion": "2024-05-01-preview",
            "name": "[concat(parameters('servers_serv_mg_name'), '/master/Default')]",
            "dependsOn": [
                "[resourceId('Microsoft.Sql/servers', parameters('servers_serv_mg_name'))]"
            ],
            "properties": {
                "state": "Disabled"
            }
        },
        {
            "type": "Microsoft.Sql/servers/databases/ledgerDigestUploads",
            "apiVersion": "2024-05-01-preview",
            "name": "[concat(parameters('servers_serv_mg_name'), '/master/Current')]",
            "dependsOn": [
                "[resourceId('Microsoft.Sql/servers', parameters('servers_serv_mg_name'))]"
            ],
            "properties": {}
        },
        {
            "type": "Microsoft.Sql/servers/databases/securityAlertPolicies",
            "apiVersion": "2024-05-01-preview",
            "name": "[concat(parameters('servers_serv_mg_name'), '/master/Default')]",
            "dependsOn": [
                "[resourceId('Microsoft.Sql/servers', parameters('servers_serv_mg_name'))]"
            ],
            "properties": {
                "state": "Disabled",
                "disabledAlerts": [
                    ""
                ],
                "emailAddresses": [
                    ""
                ],
                "emailAccountAdmins": false,
                "retentionDays": 0
            }
        },
        {
            "type": "Microsoft.Sql/servers/databases/transparentDataEncryption",
            "apiVersion": "2024-05-01-preview",
            "name": "[concat(parameters('servers_serv_mg_name'), '/master/Current')]",
            "dependsOn": [
                "[resourceId('Microsoft.Sql/servers', parameters('servers_serv_mg_name'))]"
            ],
            "properties": {
                "state": "Disabled"
            }
        },
        {
            "type": "Microsoft.Sql/servers/databases/vulnerabilityAssessments",
            "apiVersion": "2024-05-01-preview",
            "name": "[concat(parameters('servers_serv_mg_name'), '/master/Default')]",
            "dependsOn": [
                "[resourceId('Microsoft.Sql/servers', parameters('servers_serv_mg_name'))]"
            ],
            "properties": {
                "recurringScans": {
                    "isEnabled": false,
                    "emailSubscriptionAdmins": true
                }
            }
        },
        {
            "type": "Microsoft.Sql/servers/devOpsAuditingSettings",
            "apiVersion": "2024-05-01-preview",
            "name": "[concat(parameters('servers_serv_mg_name'), '/Default')]",
            "dependsOn": [
                "[resourceId('Microsoft.Sql/servers', parameters('servers_serv_mg_name'))]"
            ],
            "properties": {
                "isAzureMonitorTargetEnabled": false,
                "isManagedIdentityInUse": false,
                "state": "Disabled",
                "storageAccountSubscriptionId": "00000000-0000-0000-0000-000000000000"
            }
        },
        {
            "type": "Microsoft.Sql/servers/encryptionProtector",
            "apiVersion": "2024-05-01-preview",
            "name": "[concat(parameters('servers_serv_mg_name'), '/current')]",
            "dependsOn": [
                "[resourceId('Microsoft.Sql/servers', parameters('servers_serv_mg_name'))]"
            ],
            "kind": "servicemanaged",
            "properties": {
                "serverKeyName": "ServiceManaged",
                "serverKeyType": "ServiceManaged",
                "autoRotationEnabled": false
            }
        },
        {
            "type": "Microsoft.Sql/servers/extendedAuditingSettings",
            "apiVersion": "2024-05-01-preview",
            "name": "[concat(parameters('servers_serv_mg_name'), '/Default')]",
            "dependsOn": [
                "[resourceId('Microsoft.Sql/servers', parameters('servers_serv_mg_name'))]"
            ],
            "properties": {
                "retentionDays": 0,
                "auditActionsAndGroups": [],
                "isStorageSecondaryKeyInUse": false,
                "isAzureMonitorTargetEnabled": false,
                "isManagedIdentityInUse": false,
                "state": "Disabled",
                "storageAccountSubscriptionId": "00000000-0000-0000-0000-000000000000"
            }
        },
        {
            "type": "Microsoft.Sql/servers/firewallRules",
            "apiVersion": "2024-05-01-preview",
            "name": "[concat(parameters('servers_serv_mg_name'), '/AllowAllWindowsAzureIps')]",
            "dependsOn": [
                "[resourceId('Microsoft.Sql/servers', parameters('servers_serv_mg_name'))]"
            ],
            "properties": {
                "startIpAddress": "0.0.0.0",
                "endIpAddress": "0.0.0.0"
            }
        },
        {
            "type": "Microsoft.Sql/servers/firewallRules",
            "apiVersion": "2024-05-01-preview",
            "name": "[concat(parameters('servers_serv_mg_name'), '/ClientIPAddress_2025-4-5_19-49-33')]",
            "dependsOn": [
                "[resourceId('Microsoft.Sql/servers', parameters('servers_serv_mg_name'))]"
            ],
            "properties": {
                "startIpAddress": "157.100.135.64",
                "endIpAddress": "157.100.135.64"
            }
        },
        {
            "type": "Microsoft.Sql/servers/keys",
            "apiVersion": "2024-05-01-preview",
            "name": "[concat(parameters('servers_serv_mg_name'), '/ServiceManaged')]",
            "dependsOn": [
                "[resourceId('Microsoft.Sql/servers', parameters('servers_serv_mg_name'))]"
            ],
            "kind": "servicemanaged",
            "properties": {
                "serverKeyType": "ServiceManaged"
            }
        },
        {
            "type": "Microsoft.Sql/servers/securityAlertPolicies",
            "apiVersion": "2024-05-01-preview",
            "name": "[concat(parameters('servers_serv_mg_name'), '/Default')]",
            "dependsOn": [
                "[resourceId('Microsoft.Sql/servers', parameters('servers_serv_mg_name'))]"
            ],
            "properties": {
                "state": "Disabled",
                "disabledAlerts": [
                    ""
                ],
                "emailAddresses": [
                    ""
                ],
                "emailAccountAdmins": false,
                "retentionDays": 0
            }
        },
        {
            "type": "Microsoft.Sql/servers/sqlVulnerabilityAssessments",
            "apiVersion": "2024-05-01-preview",
            "name": "[concat(parameters('servers_serv_mg_name'), '/Default')]",
            "dependsOn": [
                "[resourceId('Microsoft.Sql/servers', parameters('servers_serv_mg_name'))]"
            ],
            "properties": {
                "state": "Disabled"
            }
        },
        {
            "type": "Microsoft.Sql/servers/vulnerabilityAssessments",
            "apiVersion": "2024-05-01-preview",
            "name": "[concat(parameters('servers_serv_mg_name'), '/Default')]",
            "dependsOn": [
                "[resourceId('Microsoft.Sql/servers', parameters('servers_serv_mg_name'))]"
            ],
            "properties": {
                "recurringScans": {
                    "isEnabled": false,
                    "emailSubscriptionAdmins": true
                },
                "storageContainerPath": "[parameters('vulnerabilityAssessments_Default_storageContainerPath')]"
            }
        },
        {
            "type": "Microsoft.Storage/storageAccounts/blobServices",
            "apiVersion": "2024-01-01",
            "name": "[concat(parameters('storageAccounts_rsmgtesta86b_name'), '/default')]",
            "dependsOn": [
                "[resourceId('Microsoft.Storage/storageAccounts', parameters('storageAccounts_rsmgtesta86b_name'))]"
            ],
            "sku": {
                "name": "Standard_LRS",
                "tier": "Standard"
            },
            "properties": {
                "cors": {
                    "corsRules": []
                },
                "deleteRetentionPolicy": {
                    "allowPermanentDelete": false,
                    "enabled": false
                }
            }
        },
        {
            "type": "Microsoft.Storage/storageAccounts/fileServices",
            "apiVersion": "2024-01-01",
            "name": "[concat(parameters('storageAccounts_rsmgtesta86b_name'), '/default')]",
            "dependsOn": [
                "[resourceId('Microsoft.Storage/storageAccounts', parameters('storageAccounts_rsmgtesta86b_name'))]"
            ],
            "sku": {
                "name": "Standard_LRS",
                "tier": "Standard"
            },
            "properties": {
                "protocolSettings": {
                    "smb": {}
                },
                "cors": {
                    "corsRules": []
                },
                "shareDeleteRetentionPolicy": {
                    "enabled": true,
                    "days": 7
                }
            }
        },
        {
            "type": "Microsoft.Storage/storageAccounts/queueServices",
            "apiVersion": "2024-01-01",
            "name": "[concat(parameters('storageAccounts_rsmgtesta86b_name'), '/default')]",
            "dependsOn": [
                "[resourceId('Microsoft.Storage/storageAccounts', parameters('storageAccounts_rsmgtesta86b_name'))]"
            ],
            "properties": {
                "cors": {
                    "corsRules": []
                }
            }
        },
        {
            "type": "Microsoft.Storage/storageAccounts/tableServices",
            "apiVersion": "2024-01-01",
            "name": "[concat(parameters('storageAccounts_rsmgtesta86b_name'), '/default')]",
            "dependsOn": [
                "[resourceId('Microsoft.Storage/storageAccounts', parameters('storageAccounts_rsmgtesta86b_name'))]"
            ],
            "properties": {
                "cors": {
                    "corsRules": []
                }
            }
        },
        {
            "type": "Microsoft.Web/sites",
            "apiVersion": "2024-04-01",
            "name": "[parameters('sites_mg_func_loadsql_name')]",
            "location": "East US",
            "dependsOn": [
                "[resourceId('Microsoft.Web/serverfarms', parameters('serverfarms_ASP_rsmgtest_9431_name'))]"
            ],
            "tags": {
                "mg": "",
                "hidden-link: /app-insights-resource-id": "/subscriptions/815fee8d-3fcd-413a-8555-ecaf0be94a4f/resourceGroups/rsmgtest/providers/microsoft.insights/components/mg-func-loadsql",
                "hidden-link: /app-insights-instrumentation-key": "37452920-9421-4afc-afd4-aa1228046777",
                "hidden-link: /app-insights-conn-string": "InstrumentationKey=37452920-9421-4afc-afd4-aa1228046777;IngestionEndpoint=https://eastus-8.in.applicationinsights.azure.com/;LiveEndpoint=https://eastus.livediagnostics.monitor.azure.com/;ApplicationId=d9071861-dfc4-4afb-831f-47aab89125ff"
            },
            "kind": "functionapp",
            "properties": {
                "enabled": true,
                "hostNameSslStates": [
                    {
                        "name": "[concat(parameters('sites_mg_func_loadsql_name'), '.azurewebsites.net')]",
                        "sslState": "Disabled",
                        "hostType": "Standard"
                    },
                    {
                        "name": "[concat(parameters('sites_mg_func_loadsql_name'), '.scm.azurewebsites.net')]",
                        "sslState": "Disabled",
                        "hostType": "Repository"
                    }
                ],
                "serverFarmId": "[resourceId('Microsoft.Web/serverfarms', parameters('serverfarms_ASP_rsmgtest_9431_name'))]",
                "reserved": false,
                "isXenon": false,
                "hyperV": false,
                "dnsConfiguration": {},
                "vnetRouteAllEnabled": false,
                "vnetImagePullEnabled": false,
                "vnetContentShareEnabled": false,
                "siteConfig": {
                    "numberOfWorkers": 1,
                    "acrUseManagedIdentityCreds": false,
                    "alwaysOn": false,
                    "http20Enabled": false,
                    "functionAppScaleLimit": 200,
                    "minimumElasticInstanceCount": 0
                },
                "scmSiteAlsoStopped": false,
                "clientAffinityEnabled": false,
                "clientCertEnabled": false,
                "clientCertMode": "Required",
                "hostNamesDisabled": false,
                "ipMode": "IPv4",
                "vnetBackupRestoreEnabled": false,
                "customDomainVerificationId": "70C8A488C666C8844B79EC0F1905B7C8CE3CA840E40EA75409711B0B0A490249",
                "containerSize": 1536,
                "dailyMemoryTimeQuota": 0,
                "httpsOnly": true,
                "endToEndEncryptionEnabled": false,
                "redundancyMode": "None",
                "publicNetworkAccess": "Enabled",
                "storageAccountRequired": false,
                "keyVaultReferenceIdentity": "SystemAssigned"
            }
        },
        {
            "type": "Microsoft.Web/sites/basicPublishingCredentialsPolicies",
            "apiVersion": "2024-04-01",
            "name": "[concat(parameters('sites_mg_func_loadsql_name'), '/ftp')]",
            "location": "East US",
            "dependsOn": [
                "[resourceId('Microsoft.Web/sites', parameters('sites_mg_func_loadsql_name'))]"
            ],
            "tags": {
                "mg": "",
                "hidden-link: /app-insights-resource-id": "/subscriptions/815fee8d-3fcd-413a-8555-ecaf0be94a4f/resourceGroups/rsmgtest/providers/microsoft.insights/components/mg-func-loadsql",
                "hidden-link: /app-insights-instrumentation-key": "37452920-9421-4afc-afd4-aa1228046777",
                "hidden-link: /app-insights-conn-string": "InstrumentationKey=37452920-9421-4afc-afd4-aa1228046777;IngestionEndpoint=https://eastus-8.in.applicationinsights.azure.com/;LiveEndpoint=https://eastus.livediagnostics.monitor.azure.com/;ApplicationId=d9071861-dfc4-4afb-831f-47aab89125ff"
            },
            "properties": {
                "allow": true
            }
        },
        {
            "type": "Microsoft.Web/sites/basicPublishingCredentialsPolicies",
            "apiVersion": "2024-04-01",
            "name": "[concat(parameters('sites_mg_func_loadsql_name'), '/scm')]",
            "location": "East US",
            "dependsOn": [
                "[resourceId('Microsoft.Web/sites', parameters('sites_mg_func_loadsql_name'))]"
            ],
            "tags": {
                "mg": "",
                "hidden-link: /app-insights-resource-id": "/subscriptions/815fee8d-3fcd-413a-8555-ecaf0be94a4f/resourceGroups/rsmgtest/providers/microsoft.insights/components/mg-func-loadsql",
                "hidden-link: /app-insights-instrumentation-key": "37452920-9421-4afc-afd4-aa1228046777",
                "hidden-link: /app-insights-conn-string": "InstrumentationKey=37452920-9421-4afc-afd4-aa1228046777;IngestionEndpoint=https://eastus-8.in.applicationinsights.azure.com/;LiveEndpoint=https://eastus.livediagnostics.monitor.azure.com/;ApplicationId=d9071861-dfc4-4afb-831f-47aab89125ff"
            },
            "properties": {
                "allow": true
            }
        },
        {
            "type": "Microsoft.Web/sites/config",
            "apiVersion": "2024-04-01",
            "name": "[concat(parameters('sites_mg_func_loadsql_name'), '/web')]",
            "location": "East US",
            "dependsOn": [
                "[resourceId('Microsoft.Web/sites', parameters('sites_mg_func_loadsql_name'))]"
            ],
            "tags": {
                "mg": "",
                "hidden-link: /app-insights-resource-id": "/subscriptions/815fee8d-3fcd-413a-8555-ecaf0be94a4f/resourceGroups/rsmgtest/providers/microsoft.insights/components/mg-func-loadsql",
                "hidden-link: /app-insights-instrumentation-key": "37452920-9421-4afc-afd4-aa1228046777",
                "hidden-link: /app-insights-conn-string": "InstrumentationKey=37452920-9421-4afc-afd4-aa1228046777;IngestionEndpoint=https://eastus-8.in.applicationinsights.azure.com/;LiveEndpoint=https://eastus.livediagnostics.monitor.azure.com/;ApplicationId=d9071861-dfc4-4afb-831f-47aab89125ff"
            },
            "properties": {
                "numberOfWorkers": 1,
                "defaultDocuments": [
                    "Default.htm",
                    "Default.html",
                    "Default.asp",
                    "index.htm",
                    "index.html",
                    "iisstart.htm",
                    "default.aspx",
                    "index.php"
                ],
                "netFrameworkVersion": "v8.0",
                "requestTracingEnabled": false,
                "remoteDebuggingEnabled": false,
                "httpLoggingEnabled": false,
                "acrUseManagedIdentityCreds": false,
                "logsDirectorySizeLimit": 35,
                "detailedErrorLoggingEnabled": false,
                "publishingUsername": "$mg-func-loadsql",
                "scmType": "None",
                "use32BitWorkerProcess": false,
                "webSocketsEnabled": false,
                "alwaysOn": false,
                "managedPipelineMode": "Integrated",
                "virtualApplications": [
                    {
                        "virtualPath": "/",
                        "physicalPath": "site\\wwwroot",
                        "preloadEnabled": false
                    }
                ],
                "loadBalancing": "LeastRequests",
                "experiments": {
                    "rampUpRules": []
                },
                "autoHealEnabled": false,
                "vnetRouteAllEnabled": false,
                "vnetPrivatePortsCount": 0,
                "publicNetworkAccess": "Enabled",
                "cors": {
                    "allowedOrigins": [
                        "https://portal.azure.com"
                    ],
                    "supportCredentials": false
                },
                "localMySqlEnabled": false,
                "ipSecurityRestrictions": [
                    {
                        "ipAddress": "Any",
                        "action": "Allow",
                        "priority": 2147483647,
                        "name": "Allow all",
                        "description": "Allow all access"
                    }
                ],
                "scmIpSecurityRestrictions": [
                    {
                        "ipAddress": "Any",
                        "action": "Allow",
                        "priority": 2147483647,
                        "name": "Allow all",
                        "description": "Allow all access"
                    }
                ],
                "scmIpSecurityRestrictionsUseMain": false,
                "http20Enabled": false,
                "minTlsVersion": "1.2",
                "scmMinTlsVersion": "1.2",
                "ftpsState": "FtpsOnly",
                "preWarmedInstanceCount": 0,
                "functionAppScaleLimit": 200,
                "functionsRuntimeScaleMonitoringEnabled": false,
                "minimumElasticInstanceCount": 0,
                "azureStorageAccounts": {}
            }
        },
        {
            "type": "Microsoft.Web/sites/functions",
            "apiVersion": "2024-04-01",
            "name": "[concat(parameters('sites_mg_func_loadsql_name'), '/LoadFileToSQL')]",
            "location": "East US",
            "dependsOn": [
                "[resourceId('Microsoft.Web/sites', parameters('sites_mg_func_loadsql_name'))]"
            ],
            "properties": {
                "script_root_path_href": "https://mg-func-loadsql.azurewebsites.net/admin/vfs/site/wwwroot/LoadFileToSQL/",
                "script_href": "https://mg-func-loadsql.azurewebsites.net/admin/vfs/site/wwwroot/LoadFileToSQL/run.csx",
                "config_href": "https://mg-func-loadsql.azurewebsites.net/admin/vfs/site/wwwroot/LoadFileToSQL/function.json",
                "test_data_href": "https://mg-func-loadsql.azurewebsites.net/admin/vfs/data/Functions/sampledata/LoadFileToSQL.dat",
                "href": "https://mg-func-loadsql.azurewebsites.net/admin/functions/LoadFileToSQL",
                "config": {
                    "bindings": [
                        {
                            "name": "myBlob",
                            "type": "blobTrigger",
                            "direction": "in",
                            "path": "cntlandingzone/uploads",
                            "connection": "AzureWebJobsStorage"
                        }
                    ]
                },
                "test_data": "samples-workitems/workitem.txt",
                "language": "CSharp",
                "isDisabled": false
            }
        },
        {
            "type": "Microsoft.Web/sites/hostNameBindings",
            "apiVersion": "2024-04-01",
            "name": "[concat(parameters('sites_mg_func_loadsql_name'), '/', parameters('sites_mg_func_loadsql_name'), '.azurewebsites.net')]",
            "location": "East US",
            "dependsOn": [
                "[resourceId('Microsoft.Web/sites', parameters('sites_mg_func_loadsql_name'))]"
            ],
            "properties": {
                "siteName": "mg-func-loadsql",
                "hostNameType": "Verified"
            }
        },
        {
            "type": "Microsoft.Sql/servers/databases/advancedThreatProtectionSettings",
            "apiVersion": "2024-05-01-preview",
            "name": "[concat(parameters('servers_serv_mg_name'), '/mgsqltest/Default')]",
            "dependsOn": [
                "[resourceId('Microsoft.Sql/servers/databases', parameters('servers_serv_mg_name'), 'mgsqltest')]",
                "[resourceId('Microsoft.Sql/servers', parameters('servers_serv_mg_name'))]"
            ],
            "properties": {
                "state": "Disabled"
            }
        },
        {
            "type": "Microsoft.Sql/servers/databases/advisors",
            "apiVersion": "2014-04-01",
            "name": "[concat(parameters('servers_serv_mg_name'), '/mgsqltest/CreateIndex')]",
            "dependsOn": [
                "[resourceId('Microsoft.Sql/servers/databases', parameters('servers_serv_mg_name'), 'mgsqltest')]",
                "[resourceId('Microsoft.Sql/servers', parameters('servers_serv_mg_name'))]"
            ],
            "properties": {
                "autoExecuteValue": "Disabled"
            }
        },
        {
            "type": "Microsoft.Sql/servers/databases/advisors",
            "apiVersion": "2014-04-01",
            "name": "[concat(parameters('servers_serv_mg_name'), '/mgsqltest/DbParameterization')]",
            "dependsOn": [
                "[resourceId('Microsoft.Sql/servers/databases', parameters('servers_serv_mg_name'), 'mgsqltest')]",
                "[resourceId('Microsoft.Sql/servers', parameters('servers_serv_mg_name'))]"
            ],
            "properties": {
                "autoExecuteValue": "Disabled"
            }
        },
        {
            "type": "Microsoft.Sql/servers/databases/advisors",
            "apiVersion": "2014-04-01",
            "name": "[concat(parameters('servers_serv_mg_name'), '/mgsqltest/DefragmentIndex')]",
            "dependsOn": [
                "[resourceId('Microsoft.Sql/servers/databases', parameters('servers_serv_mg_name'), 'mgsqltest')]",
                "[resourceId('Microsoft.Sql/servers', parameters('servers_serv_mg_name'))]"
            ],
            "properties": {
                "autoExecuteValue": "Disabled"
            }
        },
        {
            "type": "Microsoft.Sql/servers/databases/advisors",
            "apiVersion": "2014-04-01",
            "name": "[concat(parameters('servers_serv_mg_name'), '/mgsqltest/DropIndex')]",
            "dependsOn": [
                "[resourceId('Microsoft.Sql/servers/databases', parameters('servers_serv_mg_name'), 'mgsqltest')]",
                "[resourceId('Microsoft.Sql/servers', parameters('servers_serv_mg_name'))]"
            ],
            "properties": {
                "autoExecuteValue": "Disabled"
            }
        },
        {
            "type": "Microsoft.Sql/servers/databases/advisors",
            "apiVersion": "2014-04-01",
            "name": "[concat(parameters('servers_serv_mg_name'), '/mgsqltest/ForceLastGoodPlan')]",
            "dependsOn": [
                "[resourceId('Microsoft.Sql/servers/databases', parameters('servers_serv_mg_name'), 'mgsqltest')]",
                "[resourceId('Microsoft.Sql/servers', parameters('servers_serv_mg_name'))]"
            ],
            "properties": {
                "autoExecuteValue": "Enabled"
            }
        },
        {
            "type": "Microsoft.Sql/servers/databases/auditingPolicies",
            "apiVersion": "2014-04-01",
            "name": "[concat(parameters('servers_serv_mg_name'), '/mgsqltest/Default')]",
            "location": "West US 2",
            "dependsOn": [
                "[resourceId('Microsoft.Sql/servers/databases', parameters('servers_serv_mg_name'), 'mgsqltest')]",
                "[resourceId('Microsoft.Sql/servers', parameters('servers_serv_mg_name'))]"
            ],
            "properties": {
                "auditingState": "Disabled"
            }
        },
        {
            "type": "Microsoft.Sql/servers/databases/auditingSettings",
            "apiVersion": "2024-05-01-preview",
            "name": "[concat(parameters('servers_serv_mg_name'), '/mgsqltest/Default')]",
            "dependsOn": [
                "[resourceId('Microsoft.Sql/servers/databases', parameters('servers_serv_mg_name'), 'mgsqltest')]",
                "[resourceId('Microsoft.Sql/servers', parameters('servers_serv_mg_name'))]"
            ],
            "properties": {
                "retentionDays": 0,
                "isAzureMonitorTargetEnabled": false,
                "state": "Disabled",
                "storageAccountSubscriptionId": "00000000-0000-0000-0000-000000000000"
            }
        },
        {
            "type": "Microsoft.Sql/servers/databases/backupLongTermRetentionPolicies",
            "apiVersion": "2024-05-01-preview",
            "name": "[concat(parameters('servers_serv_mg_name'), '/mgsqltest/default')]",
            "dependsOn": [
                "[resourceId('Microsoft.Sql/servers/databases', parameters('servers_serv_mg_name'), 'mgsqltest')]",
                "[resourceId('Microsoft.Sql/servers', parameters('servers_serv_mg_name'))]"
            ],
            "properties": {
                "weeklyRetention": "PT0S",
                "monthlyRetention": "PT0S",
                "yearlyRetention": "PT0S",
                "weekOfYear": 0
            }
        },
        {
            "type": "Microsoft.Sql/servers/databases/backupShortTermRetentionPolicies",
            "apiVersion": "2024-05-01-preview",
            "name": "[concat(parameters('servers_serv_mg_name'), '/mgsqltest/default')]",
            "dependsOn": [
                "[resourceId('Microsoft.Sql/servers/databases', parameters('servers_serv_mg_name'), 'mgsqltest')]",
                "[resourceId('Microsoft.Sql/servers', parameters('servers_serv_mg_name'))]"
            ],
            "properties": {
                "retentionDays": 7,
                "diffBackupIntervalInHours": 24
            }
        },
        {
            "type": "Microsoft.Sql/servers/databases/extendedAuditingSettings",
            "apiVersion": "2024-05-01-preview",
            "name": "[concat(parameters('servers_serv_mg_name'), '/mgsqltest/Default')]",
            "dependsOn": [
                "[resourceId('Microsoft.Sql/servers/databases', parameters('servers_serv_mg_name'), 'mgsqltest')]",
                "[resourceId('Microsoft.Sql/servers', parameters('servers_serv_mg_name'))]"
            ],
            "properties": {
                "retentionDays": 0,
                "isAzureMonitorTargetEnabled": false,
                "state": "Disabled",
                "storageAccountSubscriptionId": "00000000-0000-0000-0000-000000000000"
            }
        },
        {
            "type": "Microsoft.Sql/servers/databases/geoBackupPolicies",
            "apiVersion": "2024-05-01-preview",
            "name": "[concat(parameters('servers_serv_mg_name'), '/mgsqltest/Default')]",
            "dependsOn": [
                "[resourceId('Microsoft.Sql/servers/databases', parameters('servers_serv_mg_name'), 'mgsqltest')]",
                "[resourceId('Microsoft.Sql/servers', parameters('servers_serv_mg_name'))]"
            ],
            "properties": {
                "state": "Disabled"
            }
        },
        {
            "type": "Microsoft.Sql/servers/databases/ledgerDigestUploads",
            "apiVersion": "2024-05-01-preview",
            "name": "[concat(parameters('servers_serv_mg_name'), '/mgsqltest/Current')]",
            "dependsOn": [
                "[resourceId('Microsoft.Sql/servers/databases', parameters('servers_serv_mg_name'), 'mgsqltest')]",
                "[resourceId('Microsoft.Sql/servers', parameters('servers_serv_mg_name'))]"
            ],
            "properties": {}
        },
        {
            "type": "Microsoft.Sql/servers/databases/securityAlertPolicies",
            "apiVersion": "2024-05-01-preview",
            "name": "[concat(parameters('servers_serv_mg_name'), '/mgsqltest/Default')]",
            "dependsOn": [
                "[resourceId('Microsoft.Sql/servers/databases', parameters('servers_serv_mg_name'), 'mgsqltest')]",
                "[resourceId('Microsoft.Sql/servers', parameters('servers_serv_mg_name'))]"
            ],
            "properties": {
                "state": "Disabled",
                "disabledAlerts": [
                    ""
                ],
                "emailAddresses": [
                    ""
                ],
                "emailAccountAdmins": false,
                "retentionDays": 0
            }
        },
        {
            "type": "Microsoft.Sql/servers/databases/transparentDataEncryption",
            "apiVersion": "2024-05-01-preview",
            "name": "[concat(parameters('servers_serv_mg_name'), '/mgsqltest/Current')]",
            "dependsOn": [
                "[resourceId('Microsoft.Sql/servers/databases', parameters('servers_serv_mg_name'), 'mgsqltest')]",
                "[resourceId('Microsoft.Sql/servers', parameters('servers_serv_mg_name'))]"
            ],
            "properties": {
                "state": "Enabled"
            }
        },
        {
            "type": "Microsoft.Sql/servers/databases/vulnerabilityAssessments",
            "apiVersion": "2024-05-01-preview",
            "name": "[concat(parameters('servers_serv_mg_name'), '/mgsqltest/Default')]",
            "dependsOn": [
                "[resourceId('Microsoft.Sql/servers/databases', parameters('servers_serv_mg_name'), 'mgsqltest')]",
                "[resourceId('Microsoft.Sql/servers', parameters('servers_serv_mg_name'))]"
            ],
            "properties": {
                "recurringScans": {
                    "isEnabled": false,
                    "emailSubscriptionAdmins": true
                }
            }
        },
        {
            "type": "Microsoft.Storage/storageAccounts/blobServices/containers",
            "apiVersion": "2024-01-01",
            "name": "[concat(parameters('storageAccounts_rsmgtesta86b_name'), '/default/azure-webjobs-hosts')]",
            "dependsOn": [
                "[resourceId('Microsoft.Storage/storageAccounts/blobServices', parameters('storageAccounts_rsmgtesta86b_name'), 'default')]",
                "[resourceId('Microsoft.Storage/storageAccounts', parameters('storageAccounts_rsmgtesta86b_name'))]"
            ],
            "properties": {
                "immutableStorageWithVersioning": {
                    "enabled": false
                },
                "defaultEncryptionScope": "$account-encryption-key",
                "denyEncryptionScopeOverride": false,
                "publicAccess": "None"
            }
        },
        {
            "type": "Microsoft.Storage/storageAccounts/blobServices/containers",
            "apiVersion": "2024-01-01",
            "name": "[concat(parameters('storageAccounts_rsmgtesta86b_name'), '/default/azure-webjobs-secrets')]",
            "dependsOn": [
                "[resourceId('Microsoft.Storage/storageAccounts/blobServices', parameters('storageAccounts_rsmgtesta86b_name'), 'default')]",
                "[resourceId('Microsoft.Storage/storageAccounts', parameters('storageAccounts_rsmgtesta86b_name'))]"
            ],
            "properties": {
                "immutableStorageWithVersioning": {
                    "enabled": false
                },
                "defaultEncryptionScope": "$account-encryption-key",
                "denyEncryptionScopeOverride": false,
                "publicAccess": "None"
            }
        },
        {
            "type": "Microsoft.Storage/storageAccounts/fileServices/shares",
            "apiVersion": "2024-01-01",
            "name": "[concat(parameters('storageAccounts_rsmgtesta86b_name'), '/default/mg-func-loadsql87f6')]",
            "dependsOn": [
                "[resourceId('Microsoft.Storage/storageAccounts/fileServices', parameters('storageAccounts_rsmgtesta86b_name'), 'default')]",
                "[resourceId('Microsoft.Storage/storageAccounts', parameters('storageAccounts_rsmgtesta86b_name'))]"
            ],
            "properties": {
                "accessTier": "TransactionOptimized",
                "shareQuota": 102400,
                "enabledProtocols": "SMB"
            }
        },
        {
            "type": "Microsoft.Storage/storageAccounts/tableServices/tables",
            "apiVersion": "2024-01-01",
            "name": "[concat(parameters('storageAccounts_rsmgtesta86b_name'), '/default/AzureFunctionsDiagnosticEvents202504')]",
            "dependsOn": [
                "[resourceId('Microsoft.Storage/storageAccounts/tableServices', parameters('storageAccounts_rsmgtesta86b_name'), 'default')]",
                "[resourceId('Microsoft.Storage/storageAccounts', parameters('storageAccounts_rsmgtesta86b_name'))]"
            ],
            "properties": {}
        }
    ]
}